Total_Spend,Number_of_Orders,Average_Order_Value
1903.97,51,403.62
4756.04,70,281.47
3673.37,6,984.14
3013.36,67,415.24
822.29,7,895.16
822.17,51,237.66
337.51,72,220.97
4337.57,42,40.82
3025.52,64,655.15
3554.96,15,374.84
151.89,29,865.71
4851.05,33,478.48
4170.59,94,968.51
1101.08,27,193.67
950.03,36,869.94
957.85,29,778.83
1556,38,773.21
2647.54,57,846.34
2188.13,97,763.41
1491.58,27,629.96
3078.67,55,139.93
740.49,33,42.2
1496.12,68,921.64
1863.49,86,620.48
2307.55,66,798.57
3936.62,10,486.71
1038.39,5,126.14
2595.46,74,133.93
2982.45,97,688.71
279.93,38,436
3057.35,13,208.52
894.09,31,496.68
372.01,47,73.57
4746.98,88,586.15
4829.88,52,276.3
4051.57,56,799.58
1557.84,15,317.26
533.48,29,460.67
3436.95,8,21.5
2228.75,5,81.72
654.09,29,398.57
2501.13,47,485.14
220.22,68,604.02
4551.14,76,298.75
1330.96,45,698.03
3329.49,2,861.52
1592.97,27,782.05
2624.34,95,49.22
2756.22,36,485.7
965.03,36,113.88
4849.44,26,249.62
3886.91,43,986.8
4700.52,27,151.07
4479.4,69,503.9
3009.6,20,621.97
4613.28,11,705.44
488.04,74,564.05
1020.12,38,19.67
273.88,6,333.2
1660.39,72,522.53
1973.95,23,96.99
1393.18,47,357.12
4152.25,90,42.87
1815.93,46,87.79
1440.63,12,402.95
2736.35,90,141.39
747.57,13,571.87
4020.88,62,692.57
419.03,82,802.58
4935.09,89,208.15
3872.61,97,175.81
1033.64,60,113.52
77.33,43,640.07
4086.53,76,709.41
3548.94,68,41.27
3658.59,5,936.85
3867.79,37,61.45
416.52,72,545.88
1824.41,92,711.97
623.55,31,872.26
4322.36,9,716.95
3135.33,51,803.71
1687.95,29,346.06
364.61,78,816.68
1589.36,40,89.31
1659.66,41,895.87
3661.55,86,552.12
3205.91,11,819.12
4441.7,23,457.8
2387.46,1,647.14
641.99,46,531.14
3580.56,21,734.27
3815.89,90,90.81
2828.32,36,69.75
3866.29,54,254.63
2494.29,87,167.95
2637.53,57,873.07
2166.33,1,227.02
175.82,63,976.11
584.06,54,343.53
205.57,55,190.3
3200.23,40,791.8
1606.06,15,662.12
2567.42,21,503.21
4542.45,47,559.81
1284,73,722.01
2081.4,53,236.17
3789.98,9,996.37
1182.55,74,975.05
431.05,52,653.82
1484.27,57,207.55
848.05,26,683.43
4652,41,81.48
4050.2,35,40.35
3185.35,63,265.11
4363.73,25,468
4028.18,90,869.59
973.52,75,729.9
4468.17,38,745.28
2719.74,2,431.24
4046.83,7,352.48
4485.65,82,377.33
1624.12,91,987.77
594.76,34,49.71
1178.28,91,868.36
2164.18,17,582.89
4099.17,43,444.23
4310.62,59,728.01
84.41,51,491.8
2578.2,54,874.69
2116.18,24,901.69
1149.43,25,427.5
643.33,71,284.06
1721.2,52,596.43
4717.4,70,913.24
1649.85,88,218.56
2618.01,33,626.74
3529.94,49,635.24
1849.97,29,735.78
4860.32,63,140.25
4814.11,22,718.67
1296.32,26,909.94
2511.38,28,187.89
1539.35,85,245.17
1459.96,49,971.68
232.59,71,189.17
3067.34,81,855.84
2538.26,84,497.36
304.82,49,254.76
1429.3,20,872.04
4545.92,86,450.85
1235.83,92,519.67
767.23,63,365.64
2472.79,61,597.02
4928.97,49,171.89
1248.17,71,397.17
3377.07,1,969.72
3820.02,96,265.55
1226.31,13,660.17
3654.67,94,331.94
1870.53,87,775.74
3179.91,51,139.56
3185.97,56,970.12
2702.08,83,459.25
496.93,62,243.69
4184.75,32,82.76
1637.86,30,178.06
973.27,29,524.58
251.84,49,343.63
2974.92,45,830.59
3403.94,93,436.58
132.11,30,256.23
2584.86,16,620.97
1171.15,40,709.71
3243.61,19,175.37
913.11,18,175.94
3470.14,1,46.3
1964.34,78,739.04
4686.81,47,667.17
730.73,66,479.88
1738.28,92,845.73
611.69,94,807.61
4627.23,38,589.5
4392.83,51,869.59
1326.81,63,213.78
3316.92,4,120.8
4095.25,1,277.05
2798.24,8,66.52
2671.77,29,535.86
1247.17,55,937.24
510.86,3,48.95
4491.22,32,130.89
4507.07,10,457.68
3183.85,74,934.54
1728.2,83,322.99
1778.59,34,512.16
3643.48,97,51.16
4490.7,87,156.86
4441.08,55,986.76
3910.38,92,965.47
3228.06,32,14.89
466.49,50,952.29
850.06,7,642.73
4497.84,93,869.24
3051.82,8,460.19
95.53,65,520.44
552.28,57,493.96
3334.33,67,670.2
75.05,88,148.25
846,87,39.67
2766.23,59,314.85
3474.88,72,707.63
3277.21,54,209.83
1160.13,67,676.7
3575.29,51,970.21
1224.38,97,102.96
1660.73,92,675.88
3745.13,8,449.31
3265.68,34,869.46
4253.66,35,185.38
3305.18,96,695.7
2863.13,88,839.73
513.69,78,945.17
1870.19,32,686.42
1362.75,46,502.2
1257.75,16,621.67
4866.4,68,870.22
1995.83,37,574.9
4465.63,54,40.08
3174.14,85,931.64
3984.32,14,692.63
2538.05,95,679.75
2905.67,55,223.52
2487.96,48,662.3
1016.45,82,399.93
3626.14,7,654.72
1439.82,74,115.53
170.36,7,661.27
3245.09,33,999.42
926.7,23,57.73
4705.27,85,977.4
4771.95,19,412.84
4578.58,19,872.05
1882.29,36,784.56
126.51,29,571.35
4645.18,60,741.06
2169.51,82,879.73
4834.94,2,410.1
4819.92,1,333.76
4272.4,47,670.92
1507.52,69,809.77
1956.23,20,764.66
4263.13,11,799.84
1618.76,2,441.23
888.99,67,819.66
2806.17,87,129.01
4683.97,12,549.04
3495.35,20,15.7
2871.8,5,331.34
531.02,37,372.8
3094.29,38,402.21
4950.77,94,698.51
743.42,9,394.67
2615.73,98,454.21
4393,53,245.17
3716.8,44,379.52
3500.23,99,235
3527.3,86,82.46
1829.48,24,607.41
1503.28,81,671.53
4056.34,74,623.3
4060.06,30,468.86
4342.01,59,385.99
4570.54,87,864.7
2581.14,96,523.89
2532.51,81,484.39
4001.56,81,35.39
3267.32,14,347.84
3524.74,9,386.39
3989.17,40,404.83
4455.53,66,584.37
1723.08,25,538.27
1909.14,73,611.83
515.21,22,767.23
2912.49,4,814.86
227.91,26,720.94
2354.71,58,955.97
2736.09,29,28.05
1468.38,98,203.82
2974.62,87,17.49
200.98,37,651
234.87,75,899.05
4121.87,70,251.05
1832.94,18,927.76
678.95,85,69.66
2635.1,42,935.09
3861.47,41,358.11
1118.31,38,110.41
3133.31,34,491.01
472.47,17,264.21
305.82,37,292.02
2680.21,25,314.22
2726.14,76,805
3205.28,87,543.77
3644.15,86,318.19
4880.47,85,614.23
2605.69,27,718.99
1648.63,57,279.9
3986.17,31,419.41
1390.62,6,130.67
2222.91,91,189.34
438.36,40,684.31
175.49,98,189.62
4815.11,12,529.91
4188.1,53,711.96
3495.07,71,115.81
2074.32,10,571.64
907.81,45,264
824.36,17,963.3
1288.7,26,488.71
2768.67,85,807.93
3587.25,92,554.72
3317.98,62,52.98
1435.67,46,636.82
4776.58,64,951.89
3702.59,2,605.6
2794.05,54,821
3078.02,65,885.36
2127.02,51,235.8
1276.27,53,219.92
1812.06,36,614.87
3801.34,26,416.92
121.25,29,841.46
624.56,21,901.02
277.71,11,359.89
251.61,40,244.5
4284.53,11,782.72
3533.11,36,282.06
2397.16,59,824.39
534.28,39,429.5
2483.5,99,670.87
2393.69,54,104.58
907.35,98,627.62
2197.57,55,457.25
2022.6,24,590.74
3098.46,22,176.33
3193.71,69,739.51
274.25,56,864.17
1904.33,33,224.57
3148.01,36,104.76
2540.52,20,33.4
4289.62,83,645.55
3310.53,99,611.02
856.53,81,551.23
399.32,62,239.63
3229.98,98,397
181.23,73,598.53
2949.59,26,501.8
4704.14,66,987.91
2898.6,73,145.08
1971.44,73,698.19
3234.28,40,410.28
2318.35,17,433.92
2750.8,1,720.42
4710.25,89,695.51
1961.21,61,991.34
4807.89,43,137.11
4531.49,42,113.07
1019.17,25,727.1
393.34,39,582.6
548.85,35,281.42
140.2,3,88.63
517.49,44,94.8
3430.88,51,895.25
402.38,94,199.95
1628.93,98,330.14
4232.13,12,234.39
165.2,19,361.45
4081.62,44,78.73
1445.18,59,523.87
634.92,49,76.94
3498.85,61,802.35
3163.27,17,241.37
4393.49,74,544.61
3688.6,57,881.28
4027.23,55,654.37
1446.07,47,537.63
928.33,12,331.09
3765.54,62,339.67
4043.83,80,672.79
4953,88,994.2
2092.46,83,665.22
1891.49,8,562.21
3893.24,95,733.34
1736.98,21,470.55
4657.25,81,69.54
4299.14,87,566.67
2173.52,80,958.05
3766.81,70,183.55
3784.99,72,693.1
560.46,25,208.92
4517.64,82,540.47
2551,89,105.71
4140.96,12,455.87
1634.25,15,758.6
4482.84,59,354.1
1976.55,26,668.26
103.65,26,797.5
4531.64,47,927.91
501.87,32,242.3
1630.6,10,405.32
4752.81,16,160.89
4755.51,71,992.56
2888.52,17,927.73
3177.59,23,544.56
2269.81,26,843.61
1501.39,85,525.75
1676.89,86,627.35
3378.97,7,98.23
3774.25,14,757.72
3968.32,79,136.44
3958.61,7,827.81
501.47,9,784.21
2497.38,48,711.66
334.92,72,45.8
2770.17,59,310.1
2235.58,87,270.48
4444.14,93,366.54
1787.03,82,96.77
629.48,95,937.59
757.81,94,558.26
3819.48,39,312.47
3110.18,99,403.01
550.56,18,452.73
466.33,59,604.59
3519.8,17,520.52
410.18,14,920.2
4118.21,31,501.99
3545.9,24,992.24
452.68,99,852.91
469.95,60,216.43
4933.87,45,931.29
1902.64,98,125.2
1884.68,3,819.28
4073.36,37,386.82
4738.88,43,879.19
4930.71,40,869.38
3779.22,90,807.87
1912.48,55,792.13
463.33,87,311.63
3896.88,39,90.11
2814.1,15,408.95
2149.9,4,181.79
4536.45,93,698
600.43,86,352.64
2488.49,25,975.85
106.2,13,644.56
2369.87,82,824.26
328.7,33,141.2
638.15,16,863.39
631.75,42,923.53
3263.59,66,492.19
3742.92,55,610.19
2937.68,99,767.16
4812.75,42,183.09
1905.61,34,507.54
1464.27,30,404.68
4349.57,13,154.91
1156.8,13,373.86
4817.95,18,77.49
110.16,32,35.55
4850.9,96,143.81
263.64,99,963.48
4461.16,39,554.03
2662.12,46,966.16
4965.18,29,438.17
415.29,62,318.7
2791.58,93,511.08
4848.05,62,445.12
2639.33,57,114.61
3165.52,16,644.42
3493.96,56,223.88
2299.98,10,623.39
3156.41,30,653.7
2942.36,25,160.5
4510.73,84,70.74
274.96,5,782.95
1440.77,65,465.2
4754.54,94,67.58
4456.81,49,994.92
2305.5,3,67.2
3119.66,45,698.08
1423.04,14,983.84
981.2,30,246.79
2345.31,68,150.83
1799.09,18,130.17
2939.1,62,310.24
434.79,37,110.04
4873.25,25,695.24
4931.74,48,71.67
3505.9,65,514.33
2703.68,53,996.73
1582.16,79,815.83
4078.29,73,619.07
3439.42,15,313.19
854.95,49,627.66
4559.09,88,531.77
4121.56,68,431.82
4751.51,12,139.4
3642.31,59,887.74
3086.41,37,455.29
2120.3,61,202.68
4667.01,43,374.08
4337.02,70,419.99
273.83,39,829.26
180.52,56,736.28
1913.49,63,771.61
4062.24,46,20.92
4937.02,88,421.99
794.56,11,486.53
2990.95,62,29
1935.41,77,267.22
4851.08,98,762.69
4218.49,25,145.74
4199.73,71,539.96
2370.03,52,223.05
2103.36,4,22
1403.37,59,248.79
329.06,72,976.12
4330.38,20,803.52
4073.86,93,959.98
4998.6,63,492.98
4983.35,54,118.64
2799.39,74,552.48
3856.49,98,459.83
4726.59,57,845.91
4255.75,90,107.1
1274.37,41,493.36
2280.19,3,158.55
689.34,6,331.43
4772.55,5,739.98
3050.56,5,481.26
1181.78,54,382.13
3374.92,47,400.53
3109.73,87,464.85
1822.91,49,787.17
612.11,9,893.16
3374.29,99,955.78
2625.52,20,789.03
3872.98,61,322.25
2624.81,35,691.25
4268.3,50,443.23
2781.94,82,262.12
2826.64,62,842.46
4389.44,17,48.04
2047.24,88,902.74
713.38,3,466.86
192.47,32,640.83
3787.93,99,662.76
3120.53,13,896.17
3535.19,89,640.3
1104.17,73,617.79
725.04,68,75.99
122,14,523.22
1785.41,98,158.67
2970.09,11,740.06
1991.61,56,517.1
2215.5,67,683.43
4525.59,92,51.26
1773.86,29,93.94
2594.25,9,719.16
3929.08,67,81.36
2012.89,25,80.54
3129.33,98,21.99
4318.7,76,956.94
4750.13,42,740.13
778.01,9,359.72
4636.61,79,303.57
2485.98,40,356.21
1328.31,25,776.91
2322.72,5,664.76
4901.16,11,193.34
2488.46,59,182.37
1677.32,98,107.41
3185.33,88,663.7
1238.72,79,766.73
425.52,38,272.4
687.95,72,30.74
683.83,5,91.35
801.92,48,968.18
737.19,90,302.49
3222.33,18,771.53
950.31,70,628.42
1761.05,37,388.12
4489.1,60,213.63
2396.11,48,130.17
3354.41,77,618.86
902.98,28,776.89
1001.83,69,647.47
252.3,77,535
886.23,81,51.53
1429.02,40,968.8
926.2,45,800.73
489.08,96,299.89
647.15,62,980.17
2330.85,93,605.86
1071.35,58,586.6
1853.14,67,750.59
2541.92,56,813.65
3467.45,40,659.91
244.6,98,136.81
4007.08,40,344.88
3158.11,91,928.8
454.71,77,232.37
4374.21,33,378.45
4608.32,6,437.76
352.34,88,445.01
1420.54,19,616.81
4040.7,80,943.65
3753.89,40,248.29
963.38,92,130.29
1086.28,97,205.5
1883.84,59,888.06
2448.39,59,649.35
3110.36,48,293.05
1876.12,41,817.79
2339.55,13,862.76
3749.98,45,848.05
231.58,89,919.74
1299.56,53,259.72
3581.08,42,757.49
4481.27,63,465.93
2582.8,27,843.58
2683.96,38,731.21
580.5,60,778.68
2264.69,7,659.6
2686.46,5,185.65
1250.23,45,549.58
1382.75,58,984.82
1917.56,31,938.01
149.35,23,52.74
1644.29,42,173.17
1096.67,10,140.41
1671.11,32,728.72
642.82,53,819.61
4458.11,30,221.38
2988.28,39,510.79
3411.56,31,842.3
3956.4,82,735.47
2517.29,2,546.81
480.26,78,594.44
2708.68,77,513.28
2954.86,93,304.57
3739.93,12,569.37
2186.71,39,692
681.52,66,874.59
1454.69,96,639.93
1847.26,13,763.51
3247.29,46,168.47
2875.35,27,466.94
1812.68,17,19.24
4933.25,95,254.21
3048.59,98,729.2
1224.27,60,991.89
553.82,64,108.19
806.65,88,407.48
1267.49,35,802.07
845.37,70,212
973.51,83,559.53
1461.22,30,735.74
908.2,71,619.83
4488.99,74,196.14
447.16,96,361.83
2646.33,98,785.95
2081.46,63,558.68
4912.77,28,15.18
604.59,60,763.38
2019.39,79,44.96
4848.88,94,748.28
4334.26,37,210.46
4094.51,93,958.49
1326.62,22,374.26
895.89,68,333.66
3359.78,20,157.4
4650.41,96,312.55
2805.98,68,877.88
2879.48,91,996.37
1435.9,64,374.63
3858.99,17,454.12
975.87,12,724.85
1652.21,22,887.33
2155.91,17,597.11
2562.67,10,397.61
1249.93,65,418.5
618.44,22,698.66
3072.57,90,13.19
1478.72,82,623.39
2927.13,50,361.94
814.1,14,796.26
2431.64,64,102.06
2686.32,47,592.32
306.53,29,486.16
1716.19,76,645.9
715.35,36,74.21
363.71,99,584.18
4950.3,52,565.87
1645.65,76,565.05
4058.88,7,607.45
1310.47,29,679.7
3423.44,11,806.94
3813.13,33,277.12
2998.41,6,826.8
2384.3,79,503.27
2088.61,32,86.29
1776.9,51,67.97
4651.17,75,340.9
4161.57,58,787.05
4826.88,87,710.6
665.27,26,790.73
3667.79,98,522.1
4694.79,46,445.8
947.1,98,155.98
379.16,29,334.91
3718.55,4,439.68
2893.64,81,97.71
4217.05,99,228.41
741.87,13,602.24
3986.57,39,738.31
1048.06,15,998.36
860.1,29,933.78
863.12,29,646.14
4082.14,75,427.04
3342.73,32,639.82
2639.17,2,787.8
1826.21,47,127.15
4392.14,78,415.81
1992.6,84,841.4
4092.17,22,389.99
2223.72,75,576.15
1915.87,27,591.89
2340.26,67,192.63
1541.82,81,368.61
3750.67,56,341.17
2538.47,92,35.93
1199.45,93,33.95
4502.89,21,833.38
1950.26,47,280.34
2740.59,80,522.9
4537.04,59,305.74
3139.98,84,941.27
